Workbook

Sheet Vendor_A
A1: Vendor_A Price List
A3: Part_ID | B3: Part_Name | C3: Unit_Price | D3: Notes
A4: PR-2001 | B4: Linear Actuator | C4: 132.5 | D4: Lead time 10d
A5: PR-2002 | B5: Steel Frame | C5: 44 | D5: CNC finish
A6: PR-2003 | B6: MCU Control Board | C6: 39.9 | D6: Rev B tested
A7: PR-2004 | B7: Cable Set | C7: 10.5 | D7: Bulk discount
A8: PR-2005 | B8: Bearing Pack | C8: 7.2 | D8: ISO certified
A9: PR-2006 | B9: Power Supply | C9: 22 | D9: UL listed
A10: PR-2007 | B10: Vision Sensor | C10: 85 | D10: Calibrated
A11: PR-2008 | B11: Fastener Kit | C11: 4.1 | D11: Includes spares

Sheet Vendor_B
A1: Vendor_B Price List
A3: Part_ID | B3: Part_Name | C3: Unit_Price | D3: Notes
A4: PR-2001 | B4: Linear Actuator | C4: 128 | D4: Lead time 7d
A5: PR-2002 | B5: Steel Frame | C5: 46.5 | D5: Powder coat
A6: PR-2003 | B6: MCU Control Board | C6: 41.2 | D6: RoHS compliant
A7: PR-2004 | B7: Cable Set | C7: 9.8 | D7: Ready-to-ship
A8: PR-2005 | B8: Bearing Pack | C8: 6.9 | D8: MOQ 20
A9: PR-2006 | B9: Power Supply | C9: 21.5 | D9: 2-year warranty
A10: PR-2007 | B10: Vision Sensor | C10: 88 | D10: IP65 rated
A11: PR-2008 | B11: Fastener Kit | C11: 3.9 | D11: Includes washers

Sheet Vendor_C
A1: Vendor_C Price List
A3: Part_ID | B3: Part_Name | C3: Unit_Price | D3: Notes
A4: PR-2001 | B4: Linear Actuator | C4: 135 | D4: Lead time 14d
A5: PR-2002 | B5: Steel Frame | C5: 42 | D5: Economy grade
A6: PR-2003 | B6: MCU Control Board | C6: 38.5 | D6: Rev A
A7: PR-2004 | B7: Cable Set | C7: 11.2 | D7: Custom lengths
A8: PR-2005 | B8: Bearing Pack | C8: 7.5 | D8: Bulk packs
A9: PR-2006 | B9: Power Supply | C9: 23.5 | D9: Stable supply
A10: PR-2007 | B10: Vision Sensor | C10: 82 | D10: Factory calibrated
A11: PR-2008 | B11: Fastener Kit | C11: 4.3 | D11: Standard kit

Sheet Product_BOM
A1: BOM Cost Optimizer — Multi‑Vendor Costing
A3: Inputs
A4: Build_Qty (how many finished products?) | B4: 25
A5: Currency | B5: USD
A7: Part_ID | B7: Part_Name | C7: Vendor | D7: Qty_Per_Product | E7: Total_Qty | F7: Unit_Price | G7: Total_Cost | H7: Comment | I7: Last_Updated
A8: PR-2001 | B8: Linear Actuator | C8: Vendor_B | D8: 1 | E8: =D8*$B$4 | F8: =IFERROR(IF(C8="Vendor_A",VLOOKUP(A8,Vendor_A!$A$4:$C$200,3,FALSE),IF(C8="Vendor_B",VLOOKUP(A8,Vendor_B!$A$4:$C$200,3,FALSE),VLOOKUP(A8,Vendor_C!$A$4:$C$200,3,FALSE))),"") | G8: =IFERROR(E8*F8,"")
A9: PR-2002 | B9: Steel Frame | C9: Vendor_C | D9: 1 | E9: =D9*$B$4 | F9: =IFERROR(IF(C9="Vendor_A",VLOOKUP(A9,Vendor_A!$A$4:$C$200,3,FALSE),IF(C9="Vendor_B",VLOOKUP(A9,Vendor_B!$A$4:$C$200,3,FALSE),VLOOKUP(A9,Vendor_C!$A$4:$C$200,3,FALSE))),"") | G9: =IFERROR(E9*F9,"")
A10: PR-2003 | B10: MCU Control Board | C10: Vendor_A | D10: 1 | E10: =D10*$B$4 | F10: =IFERROR(IF(C10="Vendor_A",VLOOKUP(A10,Vendor_A!$A$4:$C$200,3,FALSE),IF(C10="Vendor_B",VLOOKUP(A10,Vendor_B!$A$4:$C$200,3,FALSE),VLOOKUP(A10,Vendor_C!$A$4:$C$200,3,FALSE))),"") | G10: =IFERROR(E10*F10,"")
A11: PR-2004 | B11: Cable Set | C11: Vendor_B | D11: 2 | E11: =D11*$B$4 | F11: =IFERROR(IF(C11="Vendor_A",VLOOKUP(A11,Vendor_A!$A$4:$C$200,3,FALSE),IF(C11="Vendor_B",VLOOKUP(A11,Vendor_B!$A$4:$C$200,3,FALSE),VLOOKUP(A11,Vendor_C!$A$4:$C$200,3,FALSE))),"") | G11: =IFERROR(E11*F11,"")
A12: PR-2005 | B12: Bearing Pack | C12: Vendor_C | D12: 4 | E12: =D12*$B$4 | F12: =IFERROR(IF(C12="Vendor_A",VLOOKUP(A12,Vendor_A!$A$4:$C$200,3,FALSE),IF(C12="Vendor_B",VLOOKUP(A12,Vendor_B!$A$4:$C$200,3,FALSE),VLOOKUP(A12,Vendor_C!$A$4:$C$200,3,FALSE))),"") | G12: =IFERROR(E12*F12,"")
A13: PR-2006 | B13: Power Supply | C13: Vendor_A | D13: 1 | E13: =D13*$B$4 | F13: =IFERROR(IF(C13="Vendor_A",VLOOKUP(A13,Vendor_A!$A$4:$C$200,3,FALSE),IF(C13="Vendor_B",VLOOKUP(A13,Vendor_B!$A$4:$C$200,3,FALSE),VLOOKUP(A13,Vendor_C!$A$4:$C$200,3,FALSE))),"") | G13: =IFERROR(E13*F13,"")
A14: PR-2007 | B14: Vision Sensor | C14: Vendor_C | D14: 1 | E14: =D14*$B$4 | F14: =IFERROR(IF(C14="Vendor_A",VLOOKUP(A14,Vendor_A!$A$4:$C$200,3,FALSE),IF(C14="Vendor_B",VLOOKUP(A14,Vendor_B!$A$4:$C$200,3,FALSE),VLOOKUP(A14,Vendor_C!$A$4:$C$200,3,FALSE))),"") | G14: =IFERROR(E14*F14,"")
A15: PR-2008 | B15: Fastener Kit | C15: Vendor_B | D15: 1 | E15: =D15*$B$4 | F15: =IFERROR(IF(C15="Vendor_A",VLOOKUP(A15,Vendor_A!$A$4:$C$200,3,FALSE),IF(C15="Vendor_B",VLOOKUP(A15,Vendor_B!$A$4:$C$200,3,FALSE),VLOOKUP(A15,Vendor_C!$A$4:$C$200,3,FALSE))),"") | G15: =IFERROR(E15*F15,"")
F16: Grand Total | G16: =SUM(G8:G15)
A18: 1) Update Build_Qty (cell B4). 2) Choose Vendor per part. 3) Unit_Price and Total_Cost update automatically.
A19: 1) Update Build_Qty (cell B4). 2) Choose Vendor per part. 3) Unit_Price and Total_Cost update automatically.
A20: Tip: Add more parts by inserting rows above the Grand Total line and copying formulas down.
